REPLACE INTO `rvs_category` (`rvs_category_id`, `category_name`, `category_sh_name`) VALUES ('21', 'Blog', 'bl');
REPLACE INTO `rvs_charset` (`charset_id`, `charset_name`, `charset_value`, `xml_lang`) VALUES ('25', 'hungarian', 'iso-8859-2', 'hu');
REPLACE INTO `rvs_color` (`color_id`, `color_name`, `color_code`) VALUES ('48', 'Crimson', 'DC143C');
REPLACE INTO `rvs_color_group` (`color_group_id`, `color_id`) VALUES ('8', '48');
REPLACE INTO `rvs_color_group_name` (`color_group_id`, `default_color_id`) VALUES ('8', '49');
REPLACE INTO `rvs_font` (`font_id`, `font_name`) VALUES ('4', 'Georgia');
REPLACE INTO `forms` (`id`, `username`, `title`, `height`, `status`) VALUES ('592beb3f1fc6825276b9ffc977027416', '8edb249b592d16ec679b4147a307d134', 'Submit Product', '40', 'Enabled');
REPLACE INTO `questions` (`form_id`, `id`, `order`, `type`) VALUES ('592beb3f1fc6825276b9ffc977027416', '0', '3', 'control_textbox');
REPLACE INTO `questions` (`form_id`, `id`, `order`, `type`) VALUES ('592beb3f1fc6825276b9ffc977027416', '8', '12', 'control_button');
REPLACE INTO `questions` (`form_id`, `id`, `order`, `type`) VALUES ('592beb3f1fc6825276b9ffc977027416', '14', '2', 'control_text');
REPLACE INTO `questions` (`form_id`, `id`, `order`, `type`) VALUES ('592beb3f1fc6825276b9ffc977027416', '15', '1', 'control_head');
REPLACE INTO `questions` (`form_id`, `id`, `order`, `type`) VALUES ('592beb3f1fc6825276b9ffc977027416', '16', '4', 'control_textbox');
REPLACE INTO `questions` (`form_id`, `id`, `order`, `type`) VALUES ('592beb3f1fc6825276b9ffc977027416', '17', '5', 'control_textbox');
REPLACE INTO `questions` (`form_id`, `id`, `order`, `type`) VALUES ('592beb3f1fc6825276b9ffc977027416', '18', '8', 'control_textbox');
REPLACE INTO `questions` (`form_id`, `id`, `order`, `type`) VALUES ('592beb3f1fc6825276b9ffc977027416', '19', '6', 'control_textbox');
REPLACE INTO `questions` (`form_id`, `id`, `order`, `type`) VALUES ('592beb3f1fc6825276b9ffc977027416', '20', '7', 'control_textbox');
REPLACE INTO `questions` (`form_id`, `id`, `order`, `type`) VALUES ('592beb3f1fc6825276b9ffc977027416', '28', '11', 'control_textbox');
REPLACE INTO `questions` (`form_id`, `id`, `order`, `type`) VALUES ('592beb3f1fc6825276b9ffc977027416', '29', '9', 'control_radio');
REPLACE INTO `questions` (`form_id`, `id`, `order`, `type`) VALUES ('592beb3f1fc6825276b9ffc977027416', '30', '10', 'control_radio');
REPLACE INTO `question_properties` (`form_id`, `question_id`, `prop`, `value`) VALUES ('592beb3f1fc6825276b9ffc977027416', '0', 'desc', NULL);
REPLACE INTO `question_properties` (`form_id`, `question_id`, `prop`, `value`) VALUES ('592beb3f1fc6825276b9ffc977027416', '0', 'maxsize', '100');
REPLACE INTO `question_properties` (`form_id`, `question_id`, `prop`, `value`) VALUES ('592beb3f1fc6825276b9ffc977027416', '0', 'required', 'yes');
REPLACE INTO `question_properties` (`form_id`, `question_id`, `prop`, `value`) VALUES ('592beb3f1fc6825276b9ffc977027416', '0', 'senderemail', 'no');
REPLACE INTO `question_properties` (`form_id`, `question_id`, `prop`, `value`) VALUES ('592beb3f1fc6825276b9ffc977027416', '0', 'size', '50');
REPLACE INTO `question_properties` (`form_id`, `question_id`, `prop`, `value`) VALUES ('592beb3f1fc6825276b9ffc977027416', '0', 'text', 'Megrendelő neve');
REPLACE INTO `question_properties` (`form_id`, `question_id`, `prop`, `value`) VALUES ('592beb3f1fc6825276b9ffc977027416', '0', 'validation', 'no');
REPLACE INTO `question_properties` (`form_id`, `question_id`, `prop`, `value`) VALUES ('592beb3f1fc6825276b9ffc977027416', '8', 'clear', 'no');
REPLACE INTO `question_properties` (`form_id`, `question_id`, `prop`, `value`) VALUES ('592beb3f1fc6825276b9ffc977027416', '8', 'resettext', 'clear');
REPLACE INTO `question_properties` (`form_id`, `question_id`, `prop`, `value`) VALUES ('592beb3f1fc6825276b9ffc977027416', '8', 'submittext', 'Megrendelés');
REPLACE INTO `question_properties` (`form_id`, `question_id`, `prop`, `value`) VALUES ('592beb3f1fc6825276b9ffc977027416', '8', 'text', NULL);
REPLACE INTO `question_properties` (`form_id`, `question_id`, `prop`, `value`) VALUES ('592beb3f1fc6825276b9ffc977027416', '14', 'text', 'Ajándékozza meg zongorista ismerőseit azzal amire leginkább szükségük van -&gt; egy zongorahangolással! &lt;br&gt;Az utalvány ára 12 000.- Ft&lt;br&gt;&lt;br&gt;A leadott megrendelést követően elektronikus számlát állítunk ki, melyet átutalással vagy akár bankkártyával is kiegyenlíthet.&lt;br&gt;A befizetés beérkeztét követően a megajándékozott számára ajándékutalványt állítunk ki, melyet Önnek vagy a megajándékozott címére postázunk.&lt;br&gt;&lt;br&gt;A megrendeléseket előjegyzést követően egy éven belül lehet érvényesíteni az utalványon is feltüntetett módon.&lt;br&gt;&lt;br&gt;A megrendelések teljesítéséért teljes felelőséget vállal a Piano Studio Kft. vezetősége.&lt;br&gt;&lt;br&gt;Elérhetőségek:&lt;br&gt;www.pianostudio.hu&lt;br&gt;info@pianostudio.hu&lt;br&gt;+36 30 692 1292&lt;br&gt;&lt;br&gt;Piano Studio Kft.&lt;br&gt;Adószám: 14577527-1-08&lt;br&gt;Cégjegyzékszám: 01-09-910246');
REPLACE INTO `question_properties` (`form_id`, `question_id`, `prop`, `value`) VALUES ('592beb3f1fc6825276b9ffc977027416', '15', 'text', 'Zongorahangolás Karácsonyi Ajándékutalvány');
REPLACE INTO `question_properties` (`form_id`, `question_id`, `prop`, `value`) VALUES ('592beb3f1fc6825276b9ffc977027416', '16', 'desc', NULL);
REPLACE INTO `question_properties` (`form_id`, `question_id`, `prop`, `value`) VALUES ('592beb3f1fc6825276b9ffc977027416', '16', 'maxsize', '150');
REPLACE INTO `question_properties` (`form_id`, `question_id`, `prop`, `value`) VALUES ('592beb3f1fc6825276b9ffc977027416', '16', 'required', 'yes');
REPLACE INTO `question_properties` (`form_id`, `question_id`, `prop`, `value`) VALUES ('592beb3f1fc6825276b9ffc977027416', '16', 'senderemail', 'no');
REPLACE INTO `question_properties` (`form_id`, `question_id`, `prop`, `value`) VALUES ('592beb3f1fc6825276b9ffc977027416', '16', 'size', '50');
REPLACE INTO `question_properties` (`form_id`, `question_id`, `prop`, `value`) VALUES ('592beb3f1fc6825276b9ffc977027416', '16', 'text', 'Megrendelő címe');
REPLACE INTO `question_properties` (`form_id`, `question_id`, `prop`, `value`) VALUES ('592beb3f1fc6825276b9ffc977027416', '16', 'validation', 'no');
REPLACE INTO `question_properties` (`form_id`, `question_id`, `prop`, `value`) VALUES ('592beb3f1fc6825276b9ffc977027416', '17', 'desc', NULL);
REPLACE INTO `question_properties` (`form_id`, `question_id`, `prop`, `value`) VALUES ('592beb3f1fc6825276b9ffc977027416', '17', 'maxsize', '100');
REPLACE INTO `question_properties` (`form_id`, `question_id`, `prop`, `value`) VALUES ('592beb3f1fc6825276b9ffc977027416', '17', 'required', 'yes');
REPLACE INTO `question_properties` (`form_id`, `question_id`, `prop`, `value`) VALUES ('592beb3f1fc6825276b9ffc977027416', '17', 'senderemail', 'no');
REPLACE INTO `question_properties` (`form_id`, `question_id`, `prop`, `value`) VALUES ('592beb3f1fc6825276b9ffc977027416', '17', 'size', '50');
REPLACE INTO `question_properties` (`form_id`, `question_id`, `prop`, `value`) VALUES ('592beb3f1fc6825276b9ffc977027416', '17', 'text', 'Megrendelő telefonszáma');
REPLACE INTO `question_properties` (`form_id`, `question_id`, `prop`, `value`) VALUES ('592beb3f1fc6825276b9ffc977027416', '17', 'validation', 'no');
REPLACE INTO `question_properties` (`form_id`, `question_id`, `prop`, `value`) VALUES ('592beb3f1fc6825276b9ffc977027416', '18', 'desc', NULL);
REPLACE INTO `question_properties` (`form_id`, `question_id`, `prop`, `value`) VALUES ('592beb3f1fc6825276b9ffc977027416', '18', 'maxsize', '100');
REPLACE INTO `question_properties` (`form_id`, `question_id`, `prop`, `value`) VALUES ('592beb3f1fc6825276b9ffc977027416', '18', 'required', 'no');
REPLACE INTO `question_properties` (`form_id`, `question_id`, `prop`, `value`) VALUES ('592beb3f1fc6825276b9ffc977027416', '18', 'senderemail', 'no');
REPLACE INTO `question_properties` (`form_id`, `question_id`, `prop`, `value`) VALUES ('592beb3f1fc6825276b9ffc977027416', '18', 'size', '50');
REPLACE INTO `question_properties` (`form_id`, `question_id`, `prop`, `value`) VALUES ('592beb3f1fc6825276b9ffc977027416', '18', 'text', 'Megajándékozott címe');
REPLACE INTO `question_properties` (`form_id`, `question_id`, `prop`, `value`) VALUES ('592beb3f1fc6825276b9ffc977027416', '18', 'validation', 'no');
REPLACE INTO `question_properties` (`form_id`, `question_id`, `prop`, `value`) VALUES ('592beb3f1fc6825276b9ffc977027416', '19', 'desc', NULL);
REPLACE INTO `question_properties` (`form_id`, `question_id`, `prop`, `value`) VALUES ('592beb3f1fc6825276b9ffc977027416', '19', 'maxsize', '100');
REPLACE INTO `question_properties` (`form_id`, `question_id`, `prop`, `value`) VALUES ('592beb3f1fc6825276b9ffc977027416', '19', 'required', 'yes');
REPLACE INTO `question_properties` (`form_id`, `question_id`, `prop`, `value`) VALUES ('592beb3f1fc6825276b9ffc977027416', '19', 'senderemail', 'no');
REPLACE INTO `question_properties` (`form_id`, `question_id`, `prop`, `value`) VALUES ('592beb3f1fc6825276b9ffc977027416', '19', 'size', '50');
REPLACE INTO `question_properties` (`form_id`, `question_id`, `prop`, `value`) VALUES ('592beb3f1fc6825276b9ffc977027416', '19', 'text', 'Megrendelő e-mail címe');
REPLACE INTO `question_properties` (`form_id`, `question_id`, `prop`, `value`) VALUES ('592beb3f1fc6825276b9ffc977027416', '19', 'validation', 'Email');
REPLACE INTO `question_properties` (`form_id`, `question_id`, `prop`, `value`) VALUES ('592beb3f1fc6825276b9ffc977027416', '20', 'desc', NULL);
REPLACE INTO `question_properties` (`form_id`, `question_id`, `prop`, `value`) VALUES ('592beb3f1fc6825276b9ffc977027416', '20', 'maxsize', '100');
REPLACE INTO `question_properties` (`form_id`, `question_id`, `prop`, `value`) VALUES ('592beb3f1fc6825276b9ffc977027416', '20', 'required', 'no');
REPLACE INTO `question_properties` (`form_id`, `question_id`, `prop`, `value`) VALUES ('592beb3f1fc6825276b9ffc977027416', '20', 'senderemail', 'no');
REPLACE INTO `question_properties` (`form_id`, `question_id`, `prop`, `value`) VALUES ('592beb3f1fc6825276b9ffc977027416', '20', 'size', '50');
REPLACE INTO `question_properties` (`form_id`, `question_id`, `prop`, `value`) VALUES ('592beb3f1fc6825276b9ffc977027416', '20', 'text', 'Megajándékozott neve');
REPLACE INTO `question_properties` (`form_id`, `question_id`, `prop`, `value`) VALUES ('592beb3f1fc6825276b9ffc977027416', '20', 'validation', 'no');
REPLACE INTO `question_properties` (`form_id`, `question_id`, `prop`, `value`) VALUES ('592beb3f1fc6825276b9ffc977027416', '28', 'desc', NULL);
REPLACE INTO `question_properties` (`form_id`, `question_id`, `prop`, `value`) VALUES ('592beb3f1fc6825276b9ffc977027416', '28', 'maxsize', '1000');
REPLACE INTO `question_properties` (`form_id`, `question_id`, `prop`, `value`) VALUES ('592beb3f1fc6825276b9ffc977027416', '28', 'required', 'no');
REPLACE INTO `question_properties` (`form_id`, `question_id`, `prop`, `value`) VALUES ('592beb3f1fc6825276b9ffc977027416', '28', 'senderemail', 'no');
REPLACE INTO `question_properties` (`form_id`, `question_id`, `prop`, `value`) VALUES ('592beb3f1fc6825276b9ffc977027416', '28', 'size', '50');
REPLACE INTO `question_properties` (`form_id`, `question_id`, `prop`, `value`) VALUES ('592beb3f1fc6825276b9ffc977027416', '28', 'text', 'Van még valami amiről tudnunk kéne?');
REPLACE INTO `question_properties` (`form_id`, `question_id`, `prop`, `value`) VALUES ('592beb3f1fc6825276b9ffc977027416', '28', 'validation', 'no');
REPLACE INTO `question_properties` (`form_id`, `question_id`, `prop`, `value`) VALUES ('592beb3f1fc6825276b9ffc977027416', '29', 'checked', 'no');
REPLACE INTO `question_properties` (`form_id`, `question_id`, `prop`, `value`) VALUES ('592beb3f1fc6825276b9ffc977027416', '29', 'desc', NULL);
REPLACE INTO `question_properties` (`form_id`, `question_id`, `prop`, `value`) VALUES ('592beb3f1fc6825276b9ffc977027416', '29', 'options', 'Bankkártya<br>Átutalás<br>Option3');
REPLACE INTO `question_properties` (`form_id`, `question_id`, `prop`, `value`) VALUES ('592beb3f1fc6825276b9ffc977027416', '29', 'required', 'yes');
REPLACE INTO `question_properties` (`form_id`, `question_id`, `prop`, `value`) VALUES ('592beb3f1fc6825276b9ffc977027416', '29', 'text', 'Fizetés módja');
REPLACE INTO `question_properties` (`form_id`, `question_id`, `prop`, `value`) VALUES ('592beb3f1fc6825276b9ffc977027416', '30', 'checked', 'no');
REPLACE INTO `question_properties` (`form_id`, `question_id`, `prop`, `value`) VALUES ('592beb3f1fc6825276b9ffc977027416', '30', 'desc', NULL);
REPLACE INTO `question_properties` (`form_id`, `question_id`, `prop`, `value`) VALUES ('592beb3f1fc6825276b9ffc977027416', '30', 'options', 'Megrendelő<br>Megajándékozott');
REPLACE INTO `question_properties` (`form_id`, `question_id`, `prop`, `value`) VALUES ('592beb3f1fc6825276b9ffc977027416', '30', 'required', 'no');
REPLACE INTO `question_properties` (`form_id`, `question_id`, `prop`, `value`) VALUES ('592beb3f1fc6825276b9ffc977027416', '30', 'text', 'Kinek postázhatjuk az ajándékutalványt?');
REPLACE INTO `question_properties` (`form_id`, `question_id`, `prop`, `value`) VALUES ('592beb3f1fc6825276b9ffc977027416', '999', '', NULL);
REPLACE INTO `question_properties` (`form_id`, `question_id`, `prop`, `value`) VALUES ('592beb3f1fc6825276b9ffc977027416', '999', 'alignment', 'default');
REPLACE INTO `question_properties` (`form_id`, `question_id`, `prop`, `value`) VALUES ('592beb3f1fc6825276b9ffc977027416', '999', 'background', 'white');
REPLACE INTO `question_properties` (`form_id`, `question_id`, `prop`, `value`) VALUES ('592beb3f1fc6825276b9ffc977027416', '999', 'conf_subj', 'Megrendelés érkezett');
REPLACE INTO `question_properties` (`form_id`, `question_id`, `prop`, `value`) VALUES ('592beb3f1fc6825276b9ffc977027416', '999', 'disabled', 'Enabled');
REPLACE INTO `question_properties` (`form_id`, `question_id`, `prop`, `value`) VALUES ('592beb3f1fc6825276b9ffc977027416', '999', 'email_addr', 'info@pianostudio.hu');
REPLACE INTO `question_properties` (`form_id`, `question_id`, `prop`, `value`) VALUES ('592beb3f1fc6825276b9ffc977027416', '999', 'ext_sendpostdata', 'no');
REPLACE INTO `question_properties` (`form_id`, `question_id`, `prop`, `value`) VALUES ('592beb3f1fc6825276b9ffc977027416', '999', 'font', 'Verdana');
REPLACE INTO `question_properties` (`form_id`, `question_id`, `prop`, `value`) VALUES ('592beb3f1fc6825276b9ffc977027416', '999', 'fontcolor', '#3F3F3F');
REPLACE INTO `question_properties` (`form_id`, `question_id`, `prop`, `value`) VALUES ('592beb3f1fc6825276b9ffc977027416', '999', 'fontsize', '12');
REPLACE INTO `question_properties` (`form_id`, `question_id`, `prop`, `value`) VALUES ('592beb3f1fc6825276b9ffc977027416', '999', 'rvcolor', 'JF048.ini.php');
REPLACE INTO `question_properties` (`form_id`, `question_id`, `prop`, `value`) VALUES ('592beb3f1fc6825276b9ffc977027416', '999', 'rvtheme', 'rvJotformThemeStyle3');
REPLACE INTO `question_properties` (`form_id`, `question_id`, `prop`, `value`) VALUES ('592beb3f1fc6825276b9ffc977027416', '999', 'sendpostdata', 'yes');
REPLACE INTO `question_properties` (`form_id`, `question_id`, `prop`, `value`) VALUES ('592beb3f1fc6825276b9ffc977027416', '999', 'spamcheck', 'Enabled');
REPLACE INTO `question_properties` (`form_id`, `question_id`, `prop`, `value`) VALUES ('592beb3f1fc6825276b9ffc977027416', '999', 'thanktext', '<div>Megrendelését fogadtuk!</div>\n<div>&nbsp;</div>\n<div>Észrevételeivel forduljon hozzánk bizalommal az alábbi elérhetőségeken:</div>\n<div>E-mail: info@pianostudio.hu</div>\n<div>Telefon: +36 30 692 1292</div>\n<div>&nbsp;</div>\n<div>Köszönettel,</div>\n<div>Piano Studio Kft.</div>');
REPLACE INTO `question_properties` (`form_id`, `question_id`, `prop`, `value`) VALUES ('592beb3f1fc6825276b9ffc977027416', '999', 'theme', 'Default');
REPLACE INTO `question_properties` (`form_id`, `question_id`, `prop`, `value`) VALUES ('592beb3f1fc6825276b9ffc977027416', '999', 'use_buildin_formmail', 'yes');
REPLACE INTO `question_properties` (`form_id`, `question_id`, `prop`, `value`) VALUES ('592beb3f1fc6825276b9ffc977027416', '999', 'width', '100%');
REPLACE INTO `question_utf8` (`form_id`, `utf8format`) VALUES ('592beb3f1fc6825276b9ffc977027416', '1');
REPLACE INTO `rvs_layout_template` (`layout_template_id`, `layout_template_name`, `layout_template_data`, `layout_template_desc`, `layout_template_preview`, `layout_template_head`, `layout_group_id`) VALUES ('6e3632261def517e1a8becfa67b500f4', 'General style 8', '<!-- ####### LAYOUT CSS: MODIFY COLOR, FONT AND BOX SIZE HERE BUT DO NOT DELETE. ####### -->\r\n\r\n<style type=\"text/css\">\r\n.type08bulletpad{\r\n		padding:5px 2px 0px 2px;\r\n		text-align:center;\r\n}\r\n.type08head{  \r\n		font-size:110%;\r\n		color:#595959;\r\n		font-weight:bold;\r\n		padding:7px 3px 7px 0px;\r\n}\r\n.type08line{\r\n		background-image:url(images/line.gif); \r\n		background-position: center; \r\n		background-repeat:repeat-x; \r\n		height:10px;\r\n}\r\n.type08bggray{background-color:#B5B5B5;\r\n}\r\n.type08bggray02{background-color:#E5E5E5;\r\n}\r\n.type08bgwhite{background-color:#FFFFFF;\r\n}\r\n.type08imgpadding{padding:9px 0px 15px 0px;\r\n}\r\n.type08pad15{padding-left:15px;\r\n}\r\n.type08txtbody{color:#717171;}\r\n</style>\r\n\r\n<!-- ########################### END CSS LAYOUT ###########################  -->\r\n<table cellpadding=\"0\" cellspacing=\"0\" id=\"rv_template_layout\">\r\n	  <tr>\r\n		<td align=\"left\" valign=\"top\">\r\n			<table cellpadding=\"0\" cellspacing=\"0\" width=\"100%\" class=\"type08bggray\">\r\n				<tr>\r\n					<td align=\"left\" valign=\"top\"><img src=\"images/corner01.gif\" alt=\"\" width=\"6\" height=\"6\" /></td>\r\n					<td width=\"99%\"><img src=\"images/spacer.gif\" alt=\"\" width=\"1\" height=\"6\" /></td>\r\n					<td align=\"right\" valign=\"top\"><img src=\"images/corner02.gif\" alt=\"\" width=\"7\" height=\"6\" /></td>\r\n				</tr>\r\n				<tr>\r\n					<td><img src=\"images/spacer.gif\" alt=\"\" width=\"6\" height=\"1\" /></td>\r\n					<td align=\"left\" valign=\"top\">\r\n						<table cellpadding=\"0\" cellspacing=\"0\" width=\"100%\" class=\"type08bgwhite\">\r\n							<tr>\r\n								<td align=\"left\" valign=\"top\"><img src=\"images/corner05.gif\" alt=\"\" width=\"7\" height=\"6\" /></td>\r\n								<td width=\"99%\"><img src=\"images/spacer.gif\" alt=\"\" width=\"1\" height=\"6\" /></td>\r\n								<td align=\"right\" valign=\"top\"><img src=\"images/corner06.gif\" alt=\"\" width=\"6\" height=\"6\" /></td>\r\n							</tr>\r\n							<tr>\r\n								<td></td>\r\n								<td align=\"left\" valign=\"top\">\r\n									<table cellpadding=\"0\" cellspacing=\"0\" width=\"100%\">\r\n										<tr>\r\n										  <td valign=\"top\" width=\"30%\" align=\"left\">\r\n										  	<table cellpadding=\"0\" cellspacing=\"0\" width=\"100%\" class=\"type08txtbody\">\r\n												<tr>\r\n												  <td class=\"type08imgpadding\" colspan=\"2\" align=\"left\"><img src=\"images/150x50.gif\" alt=\"\" width=\"150\" height=\"50\" /></td>\r\n												</tr>\r\n												<tr>\r\n												  <td class=\"type08bulletpad\" valign=\"top\" align=\"center\"><img src=\"images/arrow.gif\" alt=\"\" width=\"7\" height=\"5\" /></td>\r\n												  <td width=\"95%\" valign=\"top\">dolor sit amet, consetetur sadipscing elitr, sed diam nonumy eirmod tempor invidunt.</td>\r\n												</tr>\r\n												<tr>\r\n												  <td class=\"type08bulletpad\" valign=\"top\" align=\"center\"><img src=\"images/arrow.gif\" alt=\"\" width=\"7\" height=\"5\" /></td>\r\n												  <td width=\"95%\" valign=\"top\">dolor sit amet, consetetur sadipscing elitr, sed diam nonumy eirmod tempor invidunt.</td>\r\n												</tr>\r\n											</table>\r\n										  </td>\r\n										  <td valign=\"top\" align=\"left\">\r\n										  	<table cellpadding=\"0\" cellspacing=\"0\" width=\"100%\" class=\"type08txtbody\">\r\n												<tr>\r\n												  <td class=\"type08imgpadding\" colspan=\"2\" align=\"left\"><img src=\"images/150x50.gif\" alt=\"\" width=\"150\" height=\"50\" /></td>\r\n												</tr>\r\n												<tr>\r\n												  <td class=\"type08bulletpad\" valign=\"top\" align=\"center\"><img src=\"images/arrow.gif\" alt=\"\" width=\"7\" height=\"5\" /></td>\r\n												  <td width=\"95%\" valign=\"top\">dolor sit amet, consetetur sadipscing elitr, sed diam nonumy eirmod tempor invidunt.</td>\r\n												</tr>\r\n												<tr>\r\n												  <td class=\"type08bulletpad\" valign=\"top\" align=\"center\"><img src=\"images/arrow.gif\" alt=\"\" width=\"7\" height=\"5\" /></td>\r\n												  <td width=\"95%\" valign=\"top\">dolor sit amet, consetetur sadipscing elitr, sed diam nonumy eirmod tempor invidunt.</td>\r\n												</tr>\r\n											</table>\r\n										  </td>\r\n										  <td valign=\"top\" align=\"left\">\r\n										  	<table cellpadding=\"0\" cellspacing=\"0\" width=\"100%\" class=\"type08txtbody\">\r\n												<tr>\r\n												  <td class=\"type08imgpadding\" colspan=\"2\" align=\"left\"><img src=\"images/150x50.gif\" alt=\"\" width=\"150\" height=\"50\" /></td>\r\n												</tr>\r\n												<tr>\r\n												  <td class=\"type08bulletpad\" valign=\"top\" align=\"center\"><img src=\"images/arrow.gif\" alt=\"\" width=\"7\" height=\"5\" /></td>\r\n												  <td width=\"95%\" valign=\"top\">dolor sit amet, consetetur sadipscing elitr, sed diam nonumy eirmod tempor invidunt.</td>\r\n												</tr>\r\n												<tr>\r\n												  <td class=\"type08bulletpad\" valign=\"top\" align=\"center\"><img src=\"images/arrow.gif\" alt=\"\" width=\"7\" height=\"5\" /></td>\r\n												  <td width=\"95%\" valign=\"top\">dolor sit amet, consetetur sadipscing elitr, sed diam nonumy eirmod tempor invidunt.</td>\r\n												</tr>\r\n											</table>\r\n										  </td>\r\n										</tr>\r\n									</table>\r\n								</td>\r\n								<td><img src=\"images/spacer.gif\" alt=\"\" width=\"6\" height=\"1\" /></td>\r\n							</tr>\r\n							<tr>\r\n								<td align=\"left\" valign=\"bottom\"><img src=\"images/corner07.gif\" alt=\"\" width=\"7\" height=\"6\" /></td>\r\n								<td width=\"99%\"><img src=\"images/spacer.gif\" alt=\"\" width=\"1\" height=\"6\" /></td>\r\n								<td align=\"right\" valign=\"bottom\"><img src=\"images/corner08.gif\" alt=\"\" width=\"6\" height=\"6\" /></td>\r\n							</tr>\r\n						</table>\r\n					</td>\r\n				</tr>\r\n				<tr><td height=\"7\" colspan=\"3\"></td></tr>\r\n				<tr>\r\n					<td></td>\r\n					<td align=\"left\" valign=\"top\">\r\n						<table cellpadding=\"3\" cellspacing=\"0\" width=\"100%\">\r\n							<tr>\r\n								<td align=\"left\" valign=\"top\" width=\"35%\">\r\n									<table cellpadding=\"0\" cellspacing=\"0\" width=\"100%\" class=\"type08bgwhite\">\r\n										<tr>\r\n											<td align=\"left\" valign=\"top\"><img src=\"images/corner05.gif\" alt=\"\" width=\"7\" height=\"6\" /></td>\r\n											<td width=\"99%\"><img src=\"images/spacer.gif\" alt=\"\" width=\"1\" height=\"6\" /></td>\r\n											<td align=\"right\" valign=\"top\"><img src=\"images/corner06.gif\" alt=\"\" width=\"6\" height=\"6\" /></td>\r\n										</tr>\r\n										<tr>\r\n											<td></td>\r\n											<td align=\"left\" valign=\"top\">\r\n												<table cellpadding=\"0\" cellspacing=\"0\" width=\"100%\" class=\"type08txtbody\">\r\n													<tr>\r\n													  <td align=\"left\" valign=\"top\">\r\n														<div align=\"left\"><img src=\"images/quote01.gif\" alt=\"\" width=\"60\" height=\"44\" hspace=\"5\" vspace=\"5\" /></div>\r\n														<div align=\"left\">dolor sit amet, consetetur sadipscing elitr, sed diam nonumy eirmod tempor invidunt ut labore et dolore magna aliquyam erat, sed diam voluptua dolor sit amet, consetetur sadipscing elitr, sed diam nonumy eirmod tempor invidunt ut labore et dolore magna aliquyam erat,</div>\r\n														<div align=\"right\"><img src=\"images/quote02.gif\" alt=\"\" width=\"61\" height=\"43\" hspace=\"5\" vspace=\"5\" /></div>\r\n													  </td>\r\n													</tr>\r\n												</table>\r\n											</td>\r\n											<td></td>\r\n										</tr>\r\n										<tr>\r\n											<td align=\"left\" valign=\"bottom\"><img src=\"images/corner07.gif\" alt=\"\" width=\"7\" height=\"6\" /></td>\r\n											<td width=\"99%\"><img src=\"images/spacer.gif\" alt=\"\" width=\"1\" height=\"6\" /></td>\r\n											<td align=\"right\" valign=\"bottom\"><img src=\"images/corner08.gif\" alt=\"\" width=\"6\" height=\"6\" /></td>\r\n										</tr>\r\n									</table>\r\n								</td>\r\n								<td align=\"left\" valign=\"top\">\r\n									<table cellpadding=\"0\" cellspacing=\"0\" width=\"100%\" class=\"type08bgwhite\">\r\n										<tr>\r\n											<td align=\"left\" valign=\"top\"><img src=\"images/corner05.gif\" alt=\"\" width=\"7\" height=\"6\" /></td>\r\n											<td width=\"99%\"><img src=\"images/spacer.gif\" alt=\"\" width=\"1\" height=\"6\" /></td>\r\n											<td align=\"right\" valign=\"top\"><img src=\"images/corner06.gif\" alt=\"\" width=\"6\" height=\"6\" /></td>\r\n										</tr>\r\n										<tr>\r\n											<td></td>\r\n											<td align=\"left\" valign=\"top\">\r\n												<table cellpadding=\"0\" cellspacing=\"3\" width=\"100%\" class=\"type08txtbody\">\r\n													<tr>\r\n													  <td class=\"type08head\">magna aliquyam erat</td>\r\n													</tr>\r\n													<tr>\r\n													  <td valign=\"top\" class=\"type08pad15\">Lorem ipsum dolor sit amet, consetetur sadipscing elitr, sed diam nonumy eirmod tempor invidunt ut labore et dolore magna aliquyam erat, sed diam voluptua.</td>\r\n													</tr>\r\n													<tr><td class=\"type08line\"></td></tr>\r\n													<tr>\r\n													  <td valign=\"top\" class=\"type08pad15\">Lorem ipsum dolor sit amet, consetetur sadipscing elitr, sed diam nonumy eirmod tempor invidunt ut labore et dolore magna aliquyam erat, sed diam voluptua.</td>\r\n													</tr>\r\n													<tr><td class=\"type08line\"></td></tr>\r\n													<tr>\r\n													  <td valign=\"top\" class=\"type08pad15\">Lorem ipsum dolor sit amet, consetetur sadipscing elitr, sed diam nonumy eirmod tempor invidunt ut labore et dolore magna aliquyam erat, sed diam voluptua.</td>\r\n													</tr>\r\n												</table>\r\n											</td>\r\n											<td><img src=\"images/spacer.gif\" alt=\"\" width=\"6\" height=\"1\" /></td>\r\n										</tr>\r\n										<tr>\r\n											<td align=\"left\" valign=\"bottom\"><img src=\"images/corner07.gif\" alt=\"\" width=\"7\" height=\"6\" /></td>\r\n											<td width=\"99%\"><img src=\"images/spacer.gif\" alt=\"\" width=\"1\" height=\"6\" /></td>\r\n											<td align=\"right\" valign=\"bottom\"><img src=\"images/corner08.gif\" alt=\"\" width=\"6\" height=\"6\" /></td>\r\n										</tr>\r\n									</table>\r\n								</td>\r\n							</tr>\r\n						</table>\r\n					</td>\r\n				</tr>\r\n				<tr>\r\n					<td align=\"left\" valign=\"bottom\"><img src=\"images/corner03.gif\" alt=\"\" width=\"6\" height=\"6\" /></td>\r\n					<td width=\"99%\"><img src=\"images/spacer.gif\" alt=\"\" width=\"1\" height=\"6\" /></td>\r\n					<td align=\"right\" valign=\"bottom\"><img src=\"images/corner04.gif\" alt=\"\" width=\"6\" height=\"6\" /></td>\r\n				</tr>\r\n			</table>\r\n		</td>\r\n	</tr>\r\n</table>', '', 'b_layout08.jpg', '', '3');
REPLACE INTO `rvs_layout_group` (`layout_group_id`, `layout_group_name`, `layout_category_id`) VALUES ('3', 'general style', '1');
REPLACE INTO `rvs_link` (`rvs_link_id`, `dialog_option`, `fullscreen`, `external_url`, `toolbar`, `location`, `status_bar`, `menubar`, `resizeable`, `scrollbars`, `size_width`, `size_height`) VALUES ('ca1bf72c2ba3202ce5de06a67639ef78', '{\"title\":\"\",\"resizable\":true,\"draggable\":true}', '1', '', '1', '1', '0', '1', '1', '1', '0', '0');
REPLACE INTO `rvs_navigator_name` (`navigator_name_id`, `navigator_name`) VALUES ('22', 'v_melody_Keys');
REPLACE INTO `rvs_navigator` (`navigator_id`, `menustyle_id`, `navigator_name_id`) VALUES ('41', '1', '19');
REPLACE INTO `rvs_project_page_out_seggestion` (`project_page_id`, `out_suggestion_id`) VALUES ('9c2e65e397a401eb0d49e7fd8aff7a11', '16');
REPLACE INTO `rvs_project_page_out_seggestion` (`project_page_id`, `out_suggestion_id`) VALUES ('f2efe56228546d433008c9a51587066e', '21');
REPLACE INTO `rvs_project_page_out_seggestion` (`project_page_id`, `out_suggestion_id`) VALUES ('ec4dfa3fd065aa02f6cef0b2b35b7745', '0');
REPLACE INTO `rvs_out_suggestion` (`out_suggestion_id`, `out_suggestion_name`, `description_keylang`) VALUES ('16', 'Location', 'our suggestion Location description');
REPLACE INTO `rvs_out_suggestion` (`out_suggestion_id`, `out_suggestion_name`, `description_keylang`) VALUES ('21', 'Career', 'our suggestion Career description');
REPLACE INTO `rvs_picture` (`picture_id`, `picture_name`) VALUES ('f5ef1dc0fc0a999e3c77297e05204d14', 'floral');
REPLACE INTO `rvs_project` (`project_id`, `project_info_id`, `rvs_usr_id`, `project_name`, `project_directory`, `utf8format`) VALUES ('8edb249b592d16ec679b4147a307d134', 'c3ab4ba86a9bc44511dd332f24b85526', '5a0b61ec3e42fe99322afd31aac8bbd4', 'zongora-pianino', '', '1');
REPLACE INTO `rvs_project_info` (`project_info_id`, `template_item_id`, `font_id`, `navigator_id`, `rvs_category_id`, `charset_id`, `project_company`, `project_slogan`, `project_logo`, `project_title`, `project_keyword`, `project_description`, `project_domain`, `check_step`, `effect_site_enter`, `duration_site_enter`, `last_update`, `layout_template_id`, `i_pathway`, `i_mail`, `i_print`, `i_favorite`, `no_slogan`, `no_company_name`, `navigator_name_id`, `is_member_page`) VALUES ('c3ab4ba86a9bc44511dd332f24b85526', '25d8b639eb3b63f6e8ae595a535dc667', '4', 'e4eb4b6c5cc66645e7243862a3fdb060', '21', '25', '<div><strong style=\"&quot;&quot;&quot;null \" face=\"Helvetica\"><font style=\"font-size: 36px\" face=\"Verdana\">Zongora-Pianino.hu</font></strong></div>', '<div><font style=\"font-size: 18px\" face=\"Verdana\"><font style=\"font-size: 16px\" size=\"3\"></font>Napi 200.-Ft.-tól öné lehet egy zongora vagy pianínó</font></div>', 'NOPIC', 'Zongora, pianínó bérlés 200.- Ft.-tól', 'zongora bérlés, pianínó bérlés, zongora gy?r, zongora budapest, pianínó gy?r, pianínó budapest', 'Zongora és pianínó bérlés országosan verhetetlen áron!', 'bandland.eu', '4', NULL, NULL, '1387615742', '6e3632261def517e1a8becfa67b500f4', '1', '1', '1', '1', '0', '0', '22', '0');
REPLACE INTO `rvs_project_layout_page` (`project_id`, `project_page_id`, `parent_project_page_id`, `priority`, `is_home`) VALUES ('8edb249b592d16ec679b4147a307d134', '9c2e65e397a401eb0d49e7fd8aff7a11', '0', '6', '0');
REPLACE INTO `rvs_project_layout_page` (`project_id`, `project_page_id`, `parent_project_page_id`, `priority`, `is_home`) VALUES ('8edb249b592d16ec679b4147a307d134', 'd621b7cb4d3c7bf778ae78fe56bdbd22', '0', '1', '1');
REPLACE INTO `rvs_project_layout_page` (`project_id`, `project_page_id`, `parent_project_page_id`, `priority`, `is_home`) VALUES ('8edb249b592d16ec679b4147a307d134', '7281ead265c7f1b519ba3a41a3a03a61', '0', '3', '0');
REPLACE INTO `rvs_project_layout_page` (`project_id`, `project_page_id`, `parent_project_page_id`, `priority`, `is_home`) VALUES ('8edb249b592d16ec679b4147a307d134', 'f2efe56228546d433008c9a51587066e', '0', '4', '0');
REPLACE INTO `rvs_project_layout_page` (`project_id`, `project_page_id`, `parent_project_page_id`, `priority`, `is_home`) VALUES ('8edb249b592d16ec679b4147a307d134', '7c91cd8ffd0aab5cfb2c4b2d3ebc2f5c', '0', '5', '0');
REPLACE INTO `rvs_project_layout_page` (`project_id`, `project_page_id`, `parent_project_page_id`, `priority`, `is_home`) VALUES ('8edb249b592d16ec679b4147a307d134', '81841698aeb16967e29bcb47a8dcdf62', '0', '2', '0');
REPLACE INTO `rvs_project_layout_page` (`project_id`, `project_page_id`, `parent_project_page_id`, `priority`, `is_home`) VALUES ('8edb249b592d16ec679b4147a307d134', 'ec4dfa3fd065aa02f6cef0b2b35b7745', '0', '7', '0');
REPLACE INTO `rvs_project_page` (`project_page_id`, `rvs_usr_id`, `page_name`, `custom_page_name`, `rvs_component_id`, `page_data`, `page_data_zone_2`, `page_data_zone_3`, `page_data_zone_4`, `colume_width_1`, `colume_width_2`, `colume_width_3`, `rvs_layout_id`, `head`, `page_title`, `meta_keyword`, `meta_description`, `effect_page_enter`, `duration_page_enter`, `meta_page_effect`, `rvs_link_id`, `target`, `form_template_id`, `i_pathway`, `i_mail`, `i_print`, `i_favorite`, `last_modifier`, `link_active`, `page_type`, `blank_page`, `set_draft`, `is_member_page`) VALUES ('9c2e65e397a401eb0d49e7fd8aff7a11', '5a0b61ec3e42fe99322afd31aac8bbd4', 'Kiadott hangszereink', '', '0', '<div align=\"center\">&nbsp;</div>\n<div align=\"center\"><iframe src=\"http://mapsengine.google.com/map/view?mid=zIgKazMpTYts.krB44f9-nJdA\" width=\"800\" height=\"600\"></iframe></div><br />', NULL, NULL, NULL, NULL, NULL, NULL, '1', '', NULL, NULL, NULL, NULL, NULL, '', '', '', '', NULL, NULL, NULL, NULL, '1366378933', NULL, NULL, '0', '0', '0');
REPLACE INTO `rvs_project_page` (`project_page_id`, `rvs_usr_id`, `page_name`, `custom_page_name`, `rvs_component_id`, `page_data`, `page_data_zone_2`, `page_data_zone_3`, `page_data_zone_4`, `colume_width_1`, `colume_width_2`, `colume_width_3`, `rvs_layout_id`, `head`, `page_title`, `meta_keyword`, `meta_description`, `effect_page_enter`, `duration_page_enter`, `meta_page_effect`, `rvs_link_id`, `target`, `form_template_id`, `i_pathway`, `i_mail`, `i_print`, `i_favorite`, `last_modifier`, `link_active`, `page_type`, `blank_page`, `set_draft`, `is_member_page`) VALUES ('d621b7cb4d3c7bf778ae78fe56bdbd22', '5a0b61ec3e42fe99322afd31aac8bbd4', 'Zongora és Pianínó bérlés', '', '0', '<table cellpadding=\"1\" cellspacing=\"1\" class=\"rvFrame\" width=\"780\">\n<tbody>\n<tr>\n<td class=\"tdSolid\" align=\"left\" valign=\"top\">\n<div class=\"dashView\">\n<table cellpadding=\"8\" cellspacing=\"0\" width=\"100%\">\n<tbody>\n<tr>\n<td valign=\"top\" colspan=\"2\" style=\"padding: 5px 0\">\n<h2 style=\"margin: 2px; font-size: 1.3em\"><u>Napi 200.- Ft.-os ajánlat</u></h2></td></tr>\n<tr>\n<td valign=\"top\">\n<div><img src=\"{LIBRARY_URL}/180x120/1mu_180x120_1.jpg\" width=\"180\" height=\"120\" title=\"\" alt=\"\" /></div></td>\n<td width=\"99%\" valign=\"top\"><strong><em>Tanuljon zongorázni, végre elérhető áron!</em></strong>\n<p>Szeretett volna zongorázni tanulni? Nem engedhet meg magának egy több százezer forintos kiadást?&nbsp;<br />\nÉljen ajánlatunkkal és mindössze napi 200.- Ft.-ért otthonában tudhat egy zongorát vagy pianínót!</p>\n<p>Gyermekei zongorázni tanulnak? Gyakorolni csak az iskolában tudnak?<br />\nNapi egy kávé vagy egy fél literes üdítő áráért akkor és annyit gyakorolhatnak amikor és amennyit szeretnének!&nbsp;</p>\n<p>Attól tart, hogy gyermeke megunja a zongorázást és fél beleugrani egy zongora vásárlásba?<br />\nÉljék át kockázatmentesen, minimális költségek mellett az otthoni zenetanulás élményét!</p></td></tr>\n<tr>\n<td align=\"left\" valign=\"top\" colspan=\"2\" style=\"padding: 5px\">Napi 200.- Ft.-tól kínálunk zongorákat és pianínókat, akár 24 órán belül otthonába szállítva, felhangolva.<br />\nHívjon és kezdjen zongorázni már holnap!</td></tr></tbody></table></div></td></tr>\n<tr>\n<td class=\"tdSolid\" align=\"left\" valign=\"top\">\n<div class=\"dashView\">\n<table cellpadding=\"3\" cellspacing=\"0\" width=\"100%\">\n<tbody>\n<tr>\n<td width=\"99%\" align=\"left\" valign=\"top\">\n<h2 style=\"margin: 3px 3px; font-size: 1.2em\">További előnyök</h2></td></tr>\n<tr>\n<td align=\"left\" valign=\"top\">\n<ul>\n<li style=\"list-style-type: square; padding: 0px 0px\">Kaució? Nem, mi nem kérünk!</li>\n<li style=\"list-style-type: square; padding: 5px 0px\">Karbantartási díj? Nálunk 0.- Ft!</li>\n<li style=\"list-style-type: square; padding: 5px 0px\">Hangolások? Évente ingyenesen biztosítjuk minden bérbeadott hangszer esetén!</li>\n<li style=\"list-style-type: square; padding: 5px 0px\">Csere? Miért is ne? Bármikor lecserélheti bérelt hangszerét az aktuálisan elérhető darabok bármelyikére!</li>\n<li style=\"list-style-type: square; padding: 5px 0px\">Megunta, nincs már rá szüksége? Három hónap elteltével bármikor, indoklás nélkül felmondhatja szerződését!<br />\n</li>\n<li style=\"list-style-type: square; padding: 5px 0px\">Válasszon több tucat hangszer közül, kötelezettségek és befektetés nélkül!</li></ul></td></tr></tbody></table></div></td></tr>\n<tr>\n<td class=\"tdSolid\" align=\"left\" valign=\"top\">\n<div class=\"dashView\">\n<table cellpadding=\"3\" cellspacing=\"0\" width=\"100%\">\n<tbody>\n<tr>\n<td width=\"99%\" align=\"left\" valign=\"top\">\n<h2 style=\"margin: 3px 3px; font-size: 1.2em\">Hol elérhető ajánlatunk?</h2></td></tr>\n<tr>\n<td align=\"left\" valign=\"top\">\n<ul>\n<li style=\"list-style-type: square; padding: 0px 0px\"><strong>Budapesten </strong>és 20km-es vonzáskörzetében. Tel.:<strong> +36 30 961 8788</strong></li>\n<li style=\"list-style-type: square; padding: 5px 0px\"><strong>Győrben </strong>és 20km-es vonzáskörzetében. Tel.: <strong>+36 30 692 1292</strong></li>\n<li style=\"list-style-type: square; padding: 5px 0px\">Országosan! Kérem érdeklődjön kedvező ajánlataink iránt a&nbsp;<strong>+36 30 692 1292 </strong>telefonszámon.</li>\n<li style=\"list-style-type: square; padding: 5px 0px\">Zongoraterem tulajdonosok, zongorajavítók jelentkezését várjuk! Részletek az üzleti ajánlat alatt!</li>\n<li style=\"list-style-type: square; padding: 5px 0px\">Válasszon több tucat hangszer közül, kötelezettségek és befektetés nélkül!</li></ul></td></tr></tbody></table></div></td></tr></tbody></table>', NULL, NULL, NULL, NULL, NULL, NULL, '1', '', NULL, NULL, NULL, NULL, NULL, '', '', '', '', NULL, NULL, NULL, NULL, '1366378322', NULL, NULL, '0', '0', '0');
REPLACE INTO `rvs_project_page` (`project_page_id`, `rvs_usr_id`, `page_name`, `custom_page_name`, `rvs_component_id`, `page_data`, `page_data_zone_2`, `page_data_zone_3`, `page_data_zone_4`, `colume_width_1`, `colume_width_2`, `colume_width_3`, `rvs_layout_id`, `head`, `page_title`, `meta_keyword`, `meta_description`, `effect_page_enter`, `duration_page_enter`, `meta_page_effect`, `rvs_link_id`, `target`, `form_template_id`, `i_pathway`, `i_mail`, `i_print`, `i_favorite`, `last_modifier`, `link_active`, `page_type`, `blank_page`, `set_draft`, `is_member_page`) VALUES ('7281ead265c7f1b519ba3a41a3a03a61', '5a0b61ec3e42fe99322afd31aac8bbd4', 'Hangszereink', '', '0', '<table cellpadding=\"1\" cellspacing=\"1\" class=\"rvFrame\" width=\"780\">\n<tbody>\n<tr>\n<td class=\"tdSolid\" align=\"left\" valign=\"top\" width=\"100%\">\n<div class=\"dashView\">\n<table cellpadding=\"3\" cellspacing=\"0\" width=\"100%\">\n<tbody>\n<tr>\n<td valign=\"top\" colspan=\"2\" style=\"padding: 5px 0\">\n<h2 style=\"margin: 2px; font-size: 1.2em\">Készletünk folyamatosan változik, íme egy ízelítő eddigi pianínóinkból:</h2>\n<div>Aktuális kínálatunkról érdeklődjön elérhetőségeinken!&nbsp;</div>\n<div>Budapest: +36 30 961&nbsp;8788</div>\n<div>Győr: +36 30 692 1292</div></td></tr>\n<tr>\n<td valign=\"top\" style=\"padding: 0 10px 0 0\">\n<div>\n<table cellpadding=\"5\" cellspacing=\"0\" width=\"100%\">\n<tbody>\n<tr>\n<td align=\"left\" valign=\"top\"><img src=\"{IMAGE_URL}/baumbach_a_1.jpg\" width=\"248\" height=\"186\" title=\"\" alt=\"\" /></td>\n<td align=\"left\" valign=\"top\"><img src=\"{IMAGE_URL}/calisia_1.jpg\" width=\"248\" height=\"186\" title=\"\" alt=\"\" /></td>\n<td align=\"left\" valign=\"top\"><img src=\"{IMAGE_URL}/Ed_Seiler_1_ikon.jpg\" width=\"250\" height=\"187\" title=\"\" alt=\"\" /></td></tr>\n<tr>\n<td align=\"left\" valign=\"top\"><img src=\"{IMAGE_URL}/etyde_1.jpg\" width=\"248\" height=\"186\" title=\"\" alt=\"\" /></td>\n<td align=\"left\" valign=\"top\"><img src=\"{IMAGE_URL}/forster_1.jpg\" width=\"248\" height=\"186\" title=\"\" alt=\"\" /></td>\n<td align=\"left\" valign=\"top\"><img src=\"{IMAGE_URL}/forster_5.jpg\" width=\"248\" height=\"186\" title=\"\" alt=\"\" /></td></tr>\n<tr>\n<td align=\"left\" valign=\"top\"><img src=\"{IMAGE_URL}/Fuchs__Mohr_a_1.jpg\" width=\"248\" height=\"186\" title=\"\" alt=\"\" /></td>\n<td align=\"left\" valign=\"top\"><img src=\"{IMAGE_URL}/Fuchs__Mohr_b_1.jpg\" width=\"248\" height=\"186\" title=\"\" alt=\"\" /></td>\n<td align=\"left\" valign=\"top\"><img src=\"{IMAGE_URL}/j.ernst_1.jpg\" width=\"248\" height=\"186\" title=\"\" alt=\"\" /></td></tr>\n<tr>\n<td align=\"left\" valign=\"top\"><img src=\"{IMAGE_URL}/Lauberger__Gloss_1.jpg\" width=\"248\" height=\"186\" title=\"\" alt=\"\" /></td>\n<td align=\"left\" valign=\"top\"><img src=\"{IMAGE_URL}/musica_1.jpg\" width=\"248\" height=\"186\" title=\"\" alt=\"\" /></td>\n<td align=\"left\" valign=\"top\"><img src=\"{IMAGE_URL}/ukrajna_a_1.jpg\" width=\"248\" height=\"186\" title=\"\" alt=\"\" /></td></tr></tbody></table></div><br />\n</td></tr></tbody></table></div></td></tr></tbody></table><br />', NULL, NULL, NULL, NULL, NULL, NULL, '1', '', NULL, NULL, NULL, NULL, NULL, '', '', '', '', NULL, NULL, NULL, NULL, '1347704313', NULL, NULL, '0', '0', '0');
REPLACE INTO `rvs_project_page` (`project_page_id`, `rvs_usr_id`, `page_name`, `custom_page_name`, `rvs_component_id`, `page_data`, `page_data_zone_2`, `page_data_zone_3`, `page_data_zone_4`, `colume_width_1`, `colume_width_2`, `colume_width_3`, `rvs_layout_id`, `head`, `page_title`, `meta_keyword`, `meta_description`, `effect_page_enter`, `duration_page_enter`, `meta_page_effect`, `rvs_link_id`, `target`, `form_template_id`, `i_pathway`, `i_mail`, `i_print`, `i_favorite`, `last_modifier`, `link_active`, `page_type`, `blank_page`, `set_draft`, `is_member_page`) VALUES ('f2efe56228546d433008c9a51587066e', '5a0b61ec3e42fe99322afd31aac8bbd4', 'Üzleti ajánlat', '', '0', '<table cellpadding=\"1\" cellspacing=\"1\" class=\"rvFrame\" width=\"780\">\n<tbody>\n<tr>\n<td class=\"tdSolid\" valign=\"top\">\n<div class=\"dashView\">\n<table cellpadding=\"3\" cellspacing=\"0\" width=\"100%\">\n<tbody>\n<tr>\n<td>\n<h2 style=\"margin: 2px; font-size: 1.3em\">Országos hálózat építéséhez keressük partnerek jelentkezését!</h2>\n<div>&nbsp;</div>\n<div><style  type=\"text/css\">\n\n/* ####### LAYOUT CSS: MODIFY COLOR, FONT AND BOX SIZE HERE BUT DO NOT DELETE. ####### */\n\n.rvblock71 a.btnlink, .rvblock71 a.btnlink:visited{ \n\n    display:block; \n\n border:1px solid #848585;\n\n   padding:2px; \n\n   background-color:#9F9E9E; \n\n  color:#FFFFFF; \n\n width:100px; \n\n   text-align:center; \n\n text-decoration:none; \n\n  font-weight:normal;     \n\n}\n\n.rvblock71 a.btnlink:hover, .rvblock71 a.btnlink:active{\n\n   background-color:#B5B6B6;\n\n   color:#FFFFFF;  \n\n}\n\n/* ########################### END CSS LAYOUT ########################### */\n\n</style>\n<div>\n<table cellpadding=\"7\" cellspacing=\"0\" width=\"100%\" class=\"rvblock71\">\n<tbody>\n<tr>\n<td align=\"left\" valign=\"top\" width=\"25%\"><img src=\"{LIBRARY_URL}/People/bc005.jpg\" width=\"240\" height=\"120\" title=\"\" alt=\"\" /></td>\n<td align=\"left\" valign=\"top\"><font size=\"4\"><strong>Csatlakozzon!</strong></font>\n<div style=\"padding-bottom: 15px\">Várjuk legalább 10 kiadható hangszerrel rendelkező üzletfelek jelentkezését.&nbsp;</div>\n<div style=\"padding-bottom: 15px\">Amennyiben ön egy meglévő ügyfélkörrel rendelkező zongorahangoló az ország eddig lefedetlen pontjáról és szeretne csatlakozni hálózatunkhoz, gyűjtsön össze öt megrendelőt akit a saját hangszerállományunkból szolgálunk ki a további együttműködést lehetővé téve.</div>\n<div style=\"padding-bottom: 15px\">Együttműködésünk feltételeként elvárjuk, hogy a mi díjszabásunk és garantált szolgáltatásaink szintjét alkalmazzák.</div></td></tr>\n<tr>\n<td align=\"left\" valign=\"top\" width=\"25%\"><img src=\"{LIBRARY_URL}/People/bc012.jpg\" width=\"240\" height=\"120\" title=\"\" alt=\"\" /></td>\n<td align=\"left\" valign=\"top\"><font size=\"4\"><strong>Jelentkezés</strong></font>\n<p>Jelentkezés és további információ:&nbsp;</p>\n<p>\n<ul>\n<li>telefonon a +30 30 692 1292-es számon vagy az&nbsp;</li>\n<li>info@pianostudio.hu e-mail címen.<br />\n</li></ul></p></td></tr></tbody></table></div></div>\n<div>&nbsp;</div></td></tr></tbody></table></div></td>\n<td class=\"tdSolid\" valign=\"top\"><br />\n</td></tr></tbody></table>', NULL, NULL, NULL, NULL, NULL, NULL, '1', '', NULL, NULL, NULL, NULL, NULL, '', '', '', '', NULL, NULL, NULL, NULL, '1347726486', NULL, NULL, '0', '0', '0');
REPLACE INTO `rvs_project_page` (`project_page_id`, `rvs_usr_id`, `page_name`, `custom_page_name`, `rvs_component_id`, `page_data`, `page_data_zone_2`, `page_data_zone_3`, `page_data_zone_4`, `colume_width_1`, `colume_width_2`, `colume_width_3`, `rvs_layout_id`, `head`, `page_title`, `meta_keyword`, `meta_description`, `effect_page_enter`, `duration_page_enter`, `meta_page_effect`, `rvs_link_id`, `target`, `form_template_id`, `i_pathway`, `i_mail`, `i_print`, `i_favorite`, `last_modifier`, `link_active`, `page_type`, `blank_page`, `set_draft`, `is_member_page`) VALUES ('7c91cd8ffd0aab5cfb2c4b2d3ebc2f5c', '5a0b61ec3e42fe99322afd31aac8bbd4', 'Cégükről', '', '0', '<table cellpadding=\"1\" cellspacing=\"1\" class=\"rvFrame\" width=\"780\">\n<tbody>\n<tr>\n<td class=\"tdSolid\" align=\"left\" valign=\"top\">\n<div class=\"dashView\">\n<table cellpadding=\"10\" cellspacing=\"0\" width=\"100%\">\n<tbody>\n<tr>\n<td valign=\"top\" colspan=\"2\" style=\"padding: 5px 0\">\n<h2 style=\"margin: 2px; font-size: 1.3em\">Bemutatkozunk</h2></td></tr>\n<tr>\n<td width=\"99%\" valign=\"top\">\n<p>A Piano Studio Kft. családi vállalkozás. Tulajdonosai és ügyvezetői Badi József zongorakészítő mester, szakmai vezető, aki a 80-as évek óta zongorafelújítással és kereskedelemmel foglalkozik és fia Badi Attila, aki az ügyfélkapcsolatokat, megrendeléseket és üzleti ügyeket tartja kézben.\nCégünk életében jelentős szerepet kap a zongora felújításán és adás-vételén felül a zongora oktatása első sorban gyerekek részére. Badi Mária zenetanár,tehetséggondozó immáron húsz éve foglalkozik a zene megszerettetésével és rejtett képességek kibontakoztatásával háromtól tíz éves korig terjedő korosztályban. Legifjabb csládtagunk, Badi Emese a Mozarteum University of Salzburg zongoraszakos hallgatója.</p></td></tr></tbody></table></div></td></tr>\n<tr>\n<td class=\"tdSolid\" align=\"left\" valign=\"top\">\n<div class=\"dashView\">\n<table cellpadding=\"0\" cellspacing=\"0\" width=\"100%\">\n<tbody>\n<tr>\n<td valign=\"top\" width=\"50%\">\n<h2 style=\"margin: 2px; font-size: 1.3em\"><u>Célunk</u></h2>\n<p>\nA Piano Studio Kft.-t azzal a meggyőződéssel hoztuk létre, hogy minden zongorával és pianínóval kapcsolatban felmerülő igényre a lehető legjobb megoldást tudjuk nyújtani.</p></td>\n<td valign=\"top\">\n<h2 style=\"margin: 3px; font-size: 1.3em\">Cégadatok</h2>\n<p>Adószám: 14577527-1-08&nbsp;<br />\nCégjegyzékszám: 01-09-910246 <br />\nBankszámlaszámok:<br />\nCIB: 10701128-48449805-51100005<br />\nBudapest Bank: 10100833-32041200-01003008 <br />\nVAT number: HU14577527 <br />\nCorporate number: 01-09-910246 </p></td></tr></tbody></table></div></td></tr></tbody></table>', 'Elérhetőségeink:\n<div>Postacím: 1112 Budapest, Menyecske u. 37. X/61. Tel.: +36 1 310 1238</div>\n<div>Budapesti hangszerek: +36 30 961 8788</div>\n<div>Győri hangszerek: 9085 Pázmándfalu, Fő u. 18. Tel.: +36 30 692 1292<br />\n<table cellpadding=\"1\" cellspacing=\"1\" class=\"rvFrame\" width=\"780\">\n<tbody></tbody></table></div>', NULL, NULL, NULL, NULL, NULL, '4', '', NULL, NULL, NULL, NULL, NULL, '', '', '', '', NULL, NULL, NULL, NULL, '1377870356', NULL, NULL, '0', '0', '0');
REPLACE INTO `rvs_project_page` (`project_page_id`, `rvs_usr_id`, `page_name`, `custom_page_name`, `rvs_component_id`, `page_data`, `page_data_zone_2`, `page_data_zone_3`, `page_data_zone_4`, `colume_width_1`, `colume_width_2`, `colume_width_3`, `rvs_layout_id`, `head`, `page_title`, `meta_keyword`, `meta_description`, `effect_page_enter`, `duration_page_enter`, `meta_page_effect`, `rvs_link_id`, `target`, `form_template_id`, `i_pathway`, `i_mail`, `i_print`, `i_favorite`, `last_modifier`, `link_active`, `page_type`, `blank_page`, `set_draft`, `is_member_page`) VALUES ('81841698aeb16967e29bcb47a8dcdf62', '5a0b61ec3e42fe99322afd31aac8bbd4', 'Zongorahangolás Győr', '', '0', '<!-- ####### LAYOUT CSS: MODIFY COLOR, FONT AND BOX SIZE HERE BUT DO NOT DELETE. ####### --><style   type=\"text/css\">\r\n/* ####### LAYOUT CSS: MODIFY COLOR, FONT AND BOX SIZE HERE BUT DO NOT DELETE. ####### */\r\n.rvblock71 a.btnlink, .rvblock71 a.btnlink:visited{ \r\n    display:block; \r\n border:1px solid #848585;\r\n   padding:2px; \r\n   background-color:#9F9E9E; \r\n  color:#FFFFFF; \r\n width:100px; \r\n   text-align:center; \r\n text-decoration:none; \r\n  font-weight:normal;     \r\n}\r\n.rvblock71 a.btnlink:hover, .rvblock71 a.btnlink:active{\r\n   background-color:#B5B6B6;\r\n   color:#FFFFFF;  \r\n}\r\n/* ########################### END CSS LAYOUT ########################### */\r\n</style>\r\n<div>\r\n<table cellpadding=\"7\" cellspacing=\"0\" width=\"100%\" class=\"rvblock71\">\r\n<tbody>\r\n<tr>\r\n<td align=\"left\" valign=\"top\" width=\"25%\"><img src=\"{LIBRARY_URL}/150x150/1ag_150x150_2.jpg\" width=\"200\" height=\"200\" title=\"\" alt=\"\" /></td>\r\n<td align=\"left\" valign=\"top\"><font size=\"4\"><strong>Zongorahangolás Győrben és 20km-es környékén.</strong></font>\r\n<p>Zongoráját, pianínóját meghangolom rövid határidővel, mindenki számára elérhető áron!</p>\r\n<p>Hívjon és jegyezze elő hangszerét mielőbb (csak napi 4db-ot tudok vállalni, hamar elkelnek a helyek):&nbsp;</p>\r\n<p><strong>Badi Attila</strong> Levente</p>\r\n<p><strong>+36 30 692 1292</strong>&nbsp;</p>\r\n<p>A hangolás ára <strong>12 000.- Ft.&nbsp;</strong></p>\r\n<p><strong>ps.: ha nem elégedett nem kell kifizesse :)</strong></p></td></tr>\r\n<tr>\r\n<td align=\"left\" valign=\"top\" width=\"25%\"><br />\r\n</td>\r\n<td align=\"left\" valign=\"top\">\r\n<p>&nbsp;</p></td></tr></tbody></table></div>', NULL, NULL, NULL, NULL, NULL, NULL, '1', '', NULL, NULL, NULL, NULL, NULL, '', '', '', '', NULL, NULL, NULL, NULL, '1387191590', NULL, NULL, '0', '0', '0');
REPLACE INTO `rvs_project_page` (`project_page_id`, `rvs_usr_id`, `page_name`, `custom_page_name`, `rvs_component_id`, `page_data`, `page_data_zone_2`, `page_data_zone_3`, `page_data_zone_4`, `colume_width_1`, `colume_width_2`, `colume_width_3`, `rvs_layout_id`, `head`, `page_title`, `meta_keyword`, `meta_description`, `effect_page_enter`, `duration_page_enter`, `meta_page_effect`, `rvs_link_id`, `target`, `form_template_id`, `i_pathway`, `i_mail`, `i_print`, `i_favorite`, `last_modifier`, `link_active`, `page_type`, `blank_page`, `set_draft`, `is_member_page`) VALUES ('ec4dfa3fd065aa02f6cef0b2b35b7745', '5a0b61ec3e42fe99322afd31aac8bbd4', 'Karácsonyi utalvány', '', '', '<iframe src=\"https://docs.google.com/forms/d/1W6kOUxRv1etaAQkYkwhXET3ScKnaUR82UGCuWF3yw7U/viewform?embedded=true\" width=\"100%\" height=\"2000px\" frameborder=\"0\" marginheight=\"0\" marginwidth=\"0\">Loading...</iframe>\r\n<div>&nbsp;</div>\r\n<div>&nbsp;</div>\r\n<div>&nbsp;</div>\r\n<div>&nbsp;</div>', NULL, NULL, NULL, NULL, NULL, NULL, '1', '', NULL, NULL, NULL, NULL, NULL, '', 'ca1bf72c2ba3202ce5de06a67639ef78', '_self', '', NULL, NULL, NULL, NULL, '1385912100', NULL, NULL, '0', '1', '0');
REPLACE INTO `rvs_publish` (`project_id`, `rvs_publish_protocal`, `rvs_publish_domain`, `rvs_publish_path`, `rvs_domain_path`) VALUES ('8edb249b592d16ec679b4147a307d134', 'http', 'zongora-pianino.hu', '', '/home/bandland/public_html/zongora-pianino.hu');
REPLACE INTO `rvs_template_item` (`template_item_id`, `products_id`, `template_id`, `template_item_folder`, `template_type_s_preview`, `color_id`, `picture_id`) VALUES ('25d8b639eb3b63f6e8ae595a535dc667', '21-915-2', '9e6aa351603625d51fea38f95cd45cf4', 'pro_21-915-2_red_floral_1', 'jpg', '48', 'f5ef1dc0fc0a999e3c77297e05204d14');
REPLACE INTO `rvs_template` (`template_id`, `default_template_item_id`, `default_template_item_id2`, `font_id`, `menustyle_id`, `navigator_id`, `default_layout_id`, `sort_priority`, `cdate`) VALUES ('9e6aa351603625d51fea38f95cd45cf4', '9e6aa351603625d51fea38f95cd45cf4', '', '12', '1', '41', '0', '200', '1264550400');
REPLACE INTO `rvs_menustyle` (`menustyle_id`, `menustyle_description`) VALUES ('1', 'vertical');
REPLACE INTO `rvs_template_categories_xref` (`template_id`, `rvs_category_id`) VALUES ('9e6aa351603625d51fea38f95cd45cf4', '21');
REPLACE INTO `rvs_template_type_xref` (`template_id`, `template_type_id`) VALUES ('9e6aa351603625d51fea38f95cd45cf4', '5');
REPLACE INTO `rvs_template_type` (`template_type_id`, `template_type_name`) VALUES ('5', 'Monochrome');
REPLACE INTO `rvs_usr` (`rvs_usr_id`, `user_name`, `charset_id`) VALUES ('5a0b61ec3e42fe99322afd31aac8bbd4', 'bandland', '0');
